table_name,source_row_number,reason_code,reason_detail,payload,run_id
db_rotas,22,required_null,Required columns null: cd,"{""cd"": null, ""filial"": 21, ""uf"": ""AM"", ""nome"": ""TAB01-Tabatinga-AM#"", ""rota"": ""ROTA 001-PRIORIDADE D+0"", ""source_file"": ""BD_ROTAS.xlsx"", ""source_row_number"": 22}",8d684837-8adc-47f0-9dfa-c1cb41e994a1
db_rotas,105,required_null,Required columns null: cd,"{""cd"": null, ""filial"": 104, ""uf"": ""PA"", ""nome"": ""BEL03-AlmBarroso-PA#"", ""rota"": ""ROTA 005-NOTURNO D+0"", ""source_file"": ""BD_ROTAS.xlsx"", ""source_row_number"": 105}",8d684837-8adc-47f0-9dfa-c1cb41e994a1
db_rotas,111,required_null,Required columns null: cd,"{""cd"": null, ""filial"": 110, ""uf"": ""PB"", ""nome"": ""PAT01-Patos-PB"", ""rota"": ""ROTA 914 LOJA NOVA"", ""source_file"": ""BD_ROTAS.xlsx"", ""source_row_number"": 111}",8d684837-8adc-47f0-9dfa-c1cb41e994a1
db_rotas,112,required_null,Required columns null: cd,"{""cd"": null, ""filial"": 111, ""uf"": ""PB"", ""nome"": ""CAD01-Cabedelo-PB"", ""rota"": ""ROTA 914 LOJA NOVA"", ""source_file"": ""BD_ROTAS.xlsx"", ""source_row_number"": 112}",8d684837-8adc-47f0-9dfa-c1cb41e994a1
db_rotas,113,required_null,Required columns null: cd,"{""cd"": null, ""filial"": 112, ""uf"": ""PE"", ""nome"": ""REC03-Imperatriz-PE"", ""rota"": ""ROTA 308-OLINDA-PE"", ""source_file"": ""BD_ROTAS.xlsx"", ""source_row_number"": 113}",8d684837-8adc-47f0-9dfa-c1cb41e994a1
db_rotas,117,required_null,Required columns null: cd,"{""cd"": null, ""filial"": 117, ""uf"": ""CE"", ""nome"": ""AMX01- Almoxarifado"", ""rota"": ""ROTA 001-PRIORIDADE D+0"", ""source_file"": ""BD_ROTAS.xlsx"", ""source_row_number"": 117}",8d684837-8adc-47f0-9dfa-c1cb41e994a1
db_rotas,142,required_null,Required columns null: cd,"{""cd"": null, ""filial"": 143, ""uf"": ""BA"", ""nome"": ""SAL04-PauloVI-BA#"", ""rota"": ""ROTA 416 - BAHIA"", ""source_file"": ""BD_ROTAS.xlsx"", ""source_row_number"": 142}",8d684837-8adc-47f0-9dfa-c1cb41e994a1
db_rotas,173,required_null,Required columns null: cd,"{""cd"": null, ""filial"": 176, ""uf"": ""BA"", ""nome"": ""FSA01-FeiraSanta-BA#"", ""rota"": ""ROTA 416 - BAHIA"", ""source_file"": ""BD_ROTAS.xlsx"", ""source_row_number"": 173}",8d684837-8adc-47f0-9dfa-c1cb41e994a1
db_rotas,200,required_null,Required columns null: cd,"{""cd"": null, ""filial"": 203, ""uf"": ""SP"", ""nome"": ""SPA01-SaoPaulo-SP"", ""rota"": ""ROTA 813 - SAO PAULO 13"", ""source_file"": ""BD_ROTAS.xlsx"", ""source_row_number"": 200}",8d684837-8adc-47f0-9dfa-c1cb41e994a1
db_rotas,210,required_null,Required columns null: cd,"{""cd"": null, ""filial"": 213, ""uf"": ""SP"", ""nome"": ""SPA47-Pirituba-SP"", ""rota"": ""ROTA 206- TOCANTINS-TO"", ""source_file"": ""BD_ROTAS.xlsx"", ""source_row_number"": 210}",8d684837-8adc-47f0-9dfa-c1cb41e994a1
db_rotas,241,required_null,Required columns null: cd,"{""cd"": null, ""filial"": 244, ""uf"": ""AM"", ""nome"": ""MAN01-Manaus-AM"", ""rota"": ""ROTA 023-INT.02-PI"", ""source_file"": ""BD_ROTAS.xlsx"", ""source_row_number"": 241}",8d684837-8adc-47f0-9dfa-c1cb41e994a1
db_rotas,243,required_null,Required columns null: cd,"{""cd"": null, ""filial"": 246, ""uf"": ""BA"", ""nome"": ""EUN02-Tupiniquins-BA"", ""rota"": ""ROTA 416 - BAHIA"", ""source_file"": ""BD_ROTAS.xlsx"", ""source_row_number"": 243}",8d684837-8adc-47f0-9dfa-c1cb41e994a1
db_rotas,244,required_null,Required columns null: cd,"{""cd"": null, ""filial"": 247, ""uf"": ""CE"", ""nome"": ""FOR81-Bez.Menezes"", ""rota"": ""ROTA 001-PRIORIDADE D+0"", ""source_file"": ""BD_ROTAS.xlsx"", ""source_row_number"": 244}",8d684837-8adc-47f0-9dfa-c1cb41e994a1
db_rotas,245,required_null,Required columns null: cd,"{""cd"": null, ""filial"": 249, ""uf"": ""BA"", ""nome"": ""CAM02-ManoelMerce-BA"", ""rota"": ""ROTA 416 - BAHIA"", ""source_file"": ""BD_ROTAS.xlsx"", ""source_row_number"": 245}",8d684837-8adc-47f0-9dfa-c1cb41e994a1
db_rotas,290,required_null,Required columns null: cd,"{""cd"": null, ""filial"": 295, ""uf"": ""MG"", ""nome"": ""BHO01-BHorizonte-MG"", ""rota"": ""ROTA 502 - MINAS GERAIS 02"", ""source_file"": ""BD_ROTAS.xlsx"", ""source_row_number"": 290}",8d684837-8adc-47f0-9dfa-c1cb41e994a1
db_rotas,311,required_null,Required columns null: cd,"{""cd"": null, ""filial"": 316, ""uf"": ""DF"", ""nome"": ""BSB02-Taguatinga-DF"", ""rota"": ""ROTA 217-LOJA NOVA"", ""source_file"": ""BD_ROTAS.xlsx"", ""source_row_number"": 311}",8d684837-8adc-47f0-9dfa-c1cb41e994a1
db_rotas,322,required_null,Required columns null: cd,"{""cd"": null, ""filial"": 327, ""uf"": ""SP"", ""nome"": ""TAU01-Taubate-SP"", ""rota"": ""ROTA 202-GOIANIA-GO"", ""source_file"": ""BD_ROTAS.xlsx"", ""source_row_number"": 322}",8d684837-8adc-47f0-9dfa-c1cb41e994a1
db_rotas,329,required_null,Required columns null: cd,"{""cd"": null, ""filial"": 334, ""uf"": ""RJ"", ""nome"": ""RIO05-PradoJunior-RJ"", ""rota"": ""ROTA 212-MATO GROSSO-MS 01"", ""source_file"": ""BD_ROTAS.xlsx"", ""source_row_number"": 329}",8d684837-8adc-47f0-9dfa-c1cb41e994a1
db_rotas,342,required_null,Required columns null: cd,"{""cd"": null, ""filial"": 347, ""uf"": ""GO"", ""nome"": ""GOI05-StrCampinas-GO"", ""rota"": ""ROTA 218"", ""source_file"": ""BD_ROTAS.xlsx"", ""source_row_number"": 342}",8d684837-8adc-47f0-9dfa-c1cb41e994a1
db_rotas,353,required_null,Required columns null: cd,"{""cd"": null, ""filial"": 358, ""uf"": ""RJ"", ""nome"": ""RIO07-Penha-RJ"", ""rota"": ""ROTA 212-MATO GROSSO-MS 01"", ""source_file"": ""BD_ROTAS.xlsx"", ""source_row_number"": 353}",8d684837-8adc-47f0-9dfa-c1cb41e994a1
db_rotas,357,required_null,Required columns null: cd,"{""cd"": null, ""filial"": 362, ""uf"": ""MG"", ""nome"": ""BHO03-Praca7-MG"", ""rota"": ""ROTA 502 - MINAS GERAIS 02"", ""source_file"": ""BD_ROTAS.xlsx"", ""source_row_number"": 357}",8d684837-8adc-47f0-9dfa-c1cb41e994a1
db_rotas,379,required_null,Required columns null: cd,"{""cd"": null, ""filial"": 384, ""uf"": ""RJ"", ""nome"": ""NIT01-Niteroi-RJ"", ""rota"": ""ROTA 214-RONDONIA-RO"", ""source_file"": ""BD_ROTAS.xlsx"", ""source_row_number"": 379}",8d684837-8adc-47f0-9dfa-c1cb41e994a1
db_rotas,392,required_null,Required columns null: cd,"{""cd"": null, ""filial"": 397, ""uf"": ""SC"", ""nome"": ""BLU01-Blumenau-SC"", ""rota"": ""GOI\u00c1S INTERIOR-GO"", ""source_file"": ""BD_ROTAS.xlsx"", ""source_row_number"": 392}",8d684837-8adc-47f0-9dfa-c1cb41e994a1
db_rotas,395,required_null,Required columns null: cd,"{""cd"": null, ""filial"": 400, ""uf"": ""PE"", ""nome"": ""JGU13-CuradoII-PE"", ""rota"": ""ROTA 307-PALMARES-PE"", ""source_file"": ""BD_ROTAS.xlsx"", ""source_row_number"": 395}",8d684837-8adc-47f0-9dfa-c1cb41e994a1
db_rotas,401,required_null,Required columns null: cd,"{""cd"": null, ""filial"": 406, ""uf"": ""SP"", ""nome"": ""ARR01-Araraquara-SP"", ""rota"": ""ROTA 201-MILH\u00c3O"", ""source_file"": ""BD_ROTAS.xlsx"", ""source_row_number"": 401}",8d684837-8adc-47f0-9dfa-c1cb41e994a1
db_rotas,404,required_null,Required columns null: cd,"{""cd"": null, ""filial"": 410, ""uf"": ""BA"", ""nome"": ""ILH01-Ilheus-BA#"", ""rota"": ""ROTA 416 - BAHIA"", ""source_file"": ""BD_ROTAS.xlsx"", ""source_row_number"": 404}",8d684837-8adc-47f0-9dfa-c1cb41e994a1
db_rotas,410,required_null,Required columns null: cd,"{""cd"": null, ""filial"": 416, ""uf"": ""AM"", ""nome"": ""MAN05-CidadeNova-AM#"", ""rota"": ""ROTA 024-JOAO PESSOA"", ""source_file"": ""BD_ROTAS.xlsx"", ""source_row_number"": 410}",8d684837-8adc-47f0-9dfa-c1cb41e994a1
db_rotas,411,required_null,Required columns null: cd,"{""cd"": null, ""filial"": 417, ""uf"": ""MG"", ""nome"": ""BHO07-Barreiro-MG"", ""rota"": ""ROTA 503 - MINAS GERAIS 03"", ""source_file"": ""BD_ROTAS.xlsx"", ""source_row_number"": 411}",8d684837-8adc-47f0-9dfa-c1cb41e994a1
db_rotas,421,required_null,Required columns null: cd,"{""cd"": null, ""filial"": 427, ""uf"": ""MG"", ""nome"": ""STE01-SeteLagoas-MG"", ""rota"": ""ROTA 505 - MINAS GERAIS 05"", ""source_file"": ""BD_ROTAS.xlsx"", ""source_row_number"": 421}",8d684837-8adc-47f0-9dfa-c1cb41e994a1
db_rotas,434,required_null,Required columns null: cd,"{""cd"": null, ""filial"": 440, ""uf"": ""AM"", ""nome"": ""MAN06-Alvorada-AM#"", ""rota"": ""ROTA 026-AM/RR"", ""source_file"": ""BD_ROTAS.xlsx"", ""source_row_number"": 434}",8d684837-8adc-47f0-9dfa-c1cb41e994a1
db_rotas,465,required_null,Required columns null: cd,"{""cd"": null, ""filial"": 471, ""uf"": ""RJ"", ""nome"": ""PTR01-Petropolis-RJ"", ""rota"": ""ROTA 214-RONDONIA-RO"", ""source_file"": ""BD_ROTAS.xlsx"", ""source_row_number"": 465}",8d684837-8adc-47f0-9dfa-c1cb41e994a1
db_rotas,497,required_null,Required columns null: cd,"{""cd"": null, ""filial"": 503, ""uf"": ""SP"", ""nome"": ""SPA24-Pamplona-SP"", ""rota"": ""ROTA 204-ESPIRITO SANTO-ES"", ""source_file"": ""BD_ROTAS.xlsx"", ""source_row_number"": 497}",8d684837-8adc-47f0-9dfa-c1cb41e994a1
db_rotas,526,required_null,Required columns null: cd,"{""cd"": null, ""filial"": 532, ""uf"": ""RJ"", ""nome"": ""RIO08-DiasCruz2-RJ#"", ""rota"": ""ROTA 212-MATO GROSSO-MS 01"", ""source_file"": ""BD_ROTAS.xlsx"", ""source_row_number"": 526}",8d684837-8adc-47f0-9dfa-c1cb41e994a1
db_rotas,528,required_null,Required columns null: cd,"{""cd"": null, ""filial"": 534, ""uf"": ""MS"", ""nome"": ""TRE01-TresLagoas-MS#"", ""rota"": ""ROTA 203-RIO GRANDE- RS"", ""source_file"": ""BD_ROTAS.xlsx"", ""source_row_number"": 528}",8d684837-8adc-47f0-9dfa-c1cb41e994a1
db_rotas,539,required_null,Required columns null: cd,"{""cd"": null, ""filial"": 545, ""uf"": ""SP"", ""nome"": ""GRU02-PresDutra-SP"", ""rota"": ""ROTA 809 - SAO PAULO 09"", ""source_file"": ""BD_ROTAS.xlsx"", ""source_row_number"": 539}",8d684837-8adc-47f0-9dfa-c1cb41e994a1
db_rotas,551,required_null,Required columns null: cd,"{""cd"": null, ""filial"": 557, ""uf"": ""MG"", ""nome"": ""BHO06-ShEstacao-MG"", ""rota"": ""ROTA 501 - MINAS GERAIS 01"", ""source_file"": ""BD_ROTAS.xlsx"", ""source_row_number"": 551}",8d684837-8adc-47f0-9dfa-c1cb41e994a1
db_rotas,565,required_null,Required columns null: cd,"{""cd"": null, ""filial"": 571, ""uf"": ""GO"", ""nome"": ""CNV01-CaldasNova-GO#"", ""rota"": ""ROTA 218"", ""source_file"": ""BD_ROTAS.xlsx"", ""source_row_number"": 565}",8d684837-8adc-47f0-9dfa-c1cb41e994a1
db_rotas,570,required_null,Required columns null: cd,"{""cd"": null, ""filial"": 576, ""uf"": ""GO"", ""nome"": ""GOI10-SetorCentral 2"", ""rota"": ""ROTA 218"", ""source_file"": ""BD_ROTAS.xlsx"", ""source_row_number"": 570}",8d684837-8adc-47f0-9dfa-c1cb41e994a1
db_rotas,572,required_null,Required columns null: cd,"{""cd"": null, ""filial"": 578, ""uf"": ""DF"", ""nome"": ""TAG02-Centro-DF"", ""rota"": ""ROTA 217-LOJA NOVA"", ""source_file"": ""BD_ROTAS.xlsx"", ""source_row_number"": 572}",8d684837-8adc-47f0-9dfa-c1cb41e994a1
db_rotas,583,required_null,Required columns null: cd,"{""cd"": null, ""filial"": 590, ""uf"": ""PA"", ""nome"": ""CTL01-Castanhal-PA#"", ""rota"": ""ROTA 005-NOTURNO D+0"", ""source_file"": ""BD_ROTAS.xlsx"", ""source_row_number"": 583}",8d684837-8adc-47f0-9dfa-c1cb41e994a1
db_rotas,594,required_null,Required columns null: cd,"{""cd"": null, ""filial"": 601, ""uf"": ""RJ"", ""nome"": ""CMP03-BrAmazonas-RJ"", ""rota"": ""ROTA 214-RONDONIA-RO"", ""source_file"": ""BD_ROTAS.xlsx"", ""source_row_number"": 594}",8d684837-8adc-47f0-9dfa-c1cb41e994a1
db_rotas,607,required_null,Required columns null: cd,"{""cd"": null, ""filial"": 614, ""uf"": ""PA"", ""nome"": ""BEL10-SenadoLemos-PA"", ""rota"": ""ROTA 005-NOTURNO D+0"", ""source_file"": ""BD_ROTAS.xlsx"", ""source_row_number"": 607}",8d684837-8adc-47f0-9dfa-c1cb41e994a1
db_rotas,612,required_null,Required columns null: cd,"{""cd"": null, ""filial"": 619, ""uf"": ""GO"", ""nome"": ""GOI13-SenadCanedo-GO"", ""rota"": ""ROTA 218"", ""source_file"": ""BD_ROTAS.xlsx"", ""source_row_number"": 612}",8d684837-8adc-47f0-9dfa-c1cb41e994a1
db_rotas,615,required_null,Required columns null: cd,"{""cd"": null, ""filial"": 622, ""uf"": ""DF"", ""nome"": ""GMA01-Gama-DF"", ""rota"": ""ROTA 217-LOJA NOVA"", ""source_file"": ""BD_ROTAS.xlsx"", ""source_row_number"": 615}",8d684837-8adc-47f0-9dfa-c1cb41e994a1
db_rotas,626,required_null,Required columns null: cd,"{""cd"": null, ""filial"": 633, ""uf"": ""PE"", ""nome"": ""JGU07-Jaboatao-PE"", ""rota"": ""ROTA 011-CAUCAIA"", ""source_file"": ""BD_ROTAS.xlsx"", ""source_row_number"": 626}",8d684837-8adc-47f0-9dfa-c1cb41e994a1
db_rotas,633,required_null,Required columns null: cd,"{""cd"": null, ""filial"": 640, ""uf"": ""DF"", ""nome"": ""BRA07-AsaNorte3-DF"", ""rota"": ""ROTA 217-LOJA NOVA"", ""source_file"": ""BD_ROTAS.xlsx"", ""source_row_number"": 633}",8d684837-8adc-47f0-9dfa-c1cb41e994a1
db_rotas,644,required_null,Required columns null: cd,"{""cd"": null, ""filial"": 651, ""uf"": ""MG"", ""nome"": ""BHO12-Guaicui-MG"", ""rota"": ""ROTA 502 - MINAS GERAIS 02"", ""source_file"": ""BD_ROTAS.xlsx"", ""source_row_number"": 644}",8d684837-8adc-47f0-9dfa-c1cb41e994a1
db_rotas,654,required_null,Required columns null: cd,"{""cd"": null, ""filial"": 661, ""uf"": ""MG"", ""nome"": ""MUR01-Muriae-MG"", ""rota"": ""ROTA 507 - MINAS GERAIS 07"", ""source_file"": ""BD_ROTAS.xlsx"", ""source_row_number"": 654}",8d684837-8adc-47f0-9dfa-c1cb41e994a1
db_rotas,714,required_null,Required columns null: cd,"{""cd"": null, ""filial"": 722, ""uf"": ""SP"", ""nome"": ""AME02-PascoalArdi-SP"", ""rota"": ""ROTA 205-PARANA-PR"", ""source_file"": ""BD_ROTAS.xlsx"", ""source_row_number"": 714}",8d684837-8adc-47f0-9dfa-c1cb41e994a1
db_rotas,722,required_null,Required columns null: cd,"{""cd"": null, ""filial"": 730, ""uf"": ""RS"", ""nome"": ""CAS02-Caxias Sul-RS"", ""rota"": ""ROTA 213-DISTRITO FEDERAL-DF"", ""source_file"": ""BD_ROTAS.xlsx"", ""source_row_number"": 722}",8d684837-8adc-47f0-9dfa-c1cb41e994a1
db_rotas,727,required_null,Required columns null: cd,"{""cd"": null, ""filial"": 735, ""uf"": ""PB"", ""nome"": ""JPE19-Anatolia-PB#"", ""rota"": ""ROTA 021-TERESINA"", ""source_file"": ""BD_ROTAS.xlsx"", ""source_row_number"": 727}",8d684837-8adc-47f0-9dfa-c1cb41e994a1
db_rotas,737,required_null,Required columns null: cd,"{""cd"": null, ""filial"": 745, ""uf"": ""SP"", ""nome"": ""VOT01-Votuporanga-SP"", ""rota"": ""ROTA 201-MILH\u00c3O"", ""source_file"": ""BD_ROTAS.xlsx"", ""source_row_number"": 737}",8d684837-8adc-47f0-9dfa-c1cb41e994a1
db_rotas,738,required_null,Required columns null: cd,"{""cd"": null, ""filial"": 746, ""uf"": ""GO"", ""nome"": ""FMS01-Formosa 1-GO"", ""rota"": ""ROTA 217-LOJA NOVA"", ""source_file"": ""BD_ROTAS.xlsx"", ""source_row_number"": 738}",8d684837-8adc-47f0-9dfa-c1cb41e994a1
db_rotas,741,required_null,Required columns null: cd,"{""cd"": null, ""filial"": 749, ""uf"": ""ES"", ""nome"": ""VIL06-PraiaCosta2-ES"", ""rota"": ""ROTA 213-DISTRITO FEDERAL-DF"", ""source_file"": ""BD_ROTAS.xlsx"", ""source_row_number"": 741}",8d684837-8adc-47f0-9dfa-c1cb41e994a1
db_rotas,744,required_null,Required columns null: cd,"{""cd"": null, ""filial"": 752, ""uf"": ""MG"", ""nome"": ""BHO13-AugustoLima-MG"", ""rota"": ""ROTA 502 - MINAS GERAIS 02"", ""source_file"": ""BD_ROTAS.xlsx"", ""source_row_number"": 744}",8d684837-8adc-47f0-9dfa-c1cb41e994a1
db_rotas,745,required_null,Required columns null: cd,"{""cd"": null, ""filial"": 753, ""uf"": ""PR"", ""nome"": ""CVL01-Cascavel-PR#"", ""rota"": ""ROTA 210-MATO GROSSO-MT 02"", ""source_file"": ""BD_ROTAS.xlsx"", ""source_row_number"": 745}",8d684837-8adc-47f0-9dfa-c1cb41e994a1
db_rotas,752,required_null,Required columns null: cd,"{""cd"": null, ""filial"": 760, ""uf"": ""ES"", ""nome"": ""VIT04-MalCampos-ES"", ""rota"": ""ROTA 210-MATO GROSSO-MT 02"", ""source_file"": ""BD_ROTAS.xlsx"", ""source_row_number"": 752}",8d684837-8adc-47f0-9dfa-c1cb41e994a1
db_rotas,755,required_null,Required columns null: cd,"{""cd"": null, ""filial"": 763, ""uf"": ""CE"", ""nome"": ""CND01-Caninde-CE#"", ""rota"": ""ROTA 008-RIO GRANDE DO NORTE 2"", ""source_file"": ""BD_ROTAS.xlsx"", ""source_row_number"": 755}",8d684837-8adc-47f0-9dfa-c1cb41e994a1
db_rotas,761,required_null,Required columns null: cd,"{""cd"": null, ""filial"": 769, ""uf"": ""SP"", ""nome"": ""SPA29-VilaLeopold-SP"", ""rota"": ""ROTA 206- TOCANTINS-TO"", ""source_file"": ""BD_ROTAS.xlsx"", ""source_row_number"": 761}",8d684837-8adc-47f0-9dfa-c1cb41e994a1
db_rotas,764,required_null,Required columns null: cd,"{""cd"": null, ""filial"": 772, ""uf"": ""GO"", ""nome"": ""APG02-Independ\u00eancia"", ""rota"": ""ROTA 218"", ""source_file"": ""BD_ROTAS.xlsx"", ""source_row_number"": 764}",8d684837-8adc-47f0-9dfa-c1cb41e994a1
db_rotas,766,required_null,Required columns null: cd,"{""cd"": null, ""filial"": 774, ""uf"": ""GO"", ""nome"": ""GOI17-Jar Planalto 2"", ""rota"": ""ROTA 218"", ""source_file"": ""BD_ROTAS.xlsx"", ""source_row_number"": 766}",8d684837-8adc-47f0-9dfa-c1cb41e994a1
db_rotas,776,required_null,Required columns null: cd,"{""cd"": null, ""filial"": 784, ""uf"": ""RS"", ""nome"": ""POA09-LuOliveira-RS#"", ""rota"": ""ROTA 213-DISTRITO FEDERAL-DF"", ""source_file"": ""BD_ROTAS.xlsx"", ""source_row_number"": 776}",8d684837-8adc-47f0-9dfa-c1cb41e994a1
db_rotas,813,required_null,Required columns null: cd,"{""cd"": null, ""filial"": 821, ""uf"": ""PR"", ""nome"": ""TOL01-Toledo-PR#"", ""rota"": ""ROTA 210-MATO GROSSO-MT 02"", ""source_file"": ""BD_ROTAS.xlsx"", ""source_row_number"": 813}",8d684837-8adc-47f0-9dfa-c1cb41e994a1
db_rotas,814,required_null,Required columns null: cd,"{""cd"": null, ""filial"": 822, ""uf"": ""CE"", ""nome"": ""CMC01-Camocim-CE"", ""rota"": ""ROTA 008-RIO GRANDE DO NORTE 2"", ""source_file"": ""BD_ROTAS.xlsx"", ""source_row_number"": 814}",8d684837-8adc-47f0-9dfa-c1cb41e994a1
db_rotas,836,required_null,Required columns null: cd,"{""cd"": null, ""filial"": 844, ""uf"": ""PA"", ""nome"": ""BEL12-Guama-PA"", ""rota"": ""ROTA 005-NOTURNO D+0"", ""source_file"": ""BD_ROTAS.xlsx"", ""source_row_number"": 836}",8d684837-8adc-47f0-9dfa-c1cb41e994a1
db_rotas,841,required_null,Required columns null: cd,"{""cd"": null, ""filial"": 849, ""uf"": ""GO"", ""nome"": ""GNS01-Goianesia-GO"", ""rota"": ""ROTA 218"", ""source_file"": ""BD_ROTAS.xlsx"", ""source_row_number"": 841}",8d684837-8adc-47f0-9dfa-c1cb41e994a1
db_rotas,847,required_null,Required columns null: cd,"{""cd"": null, ""filial"": 855, ""uf"": ""DF"", ""nome"": ""BRA09-LagoSul-DF"", ""rota"": ""ROTA 217-LOJA NOVA"", ""source_file"": ""BD_ROTAS.xlsx"", ""source_row_number"": 847}",8d684837-8adc-47f0-9dfa-c1cb41e994a1
db_rotas,850,required_null,Required columns null: cd,"{""cd"": null, ""filial"": 858, ""uf"": ""GO"", ""nome"": ""NGM01-NovoGama-GO"", ""rota"": ""ROTA 217-LOJA NOVA"", ""source_file"": ""BD_ROTAS.xlsx"", ""source_row_number"": 850}",8d684837-8adc-47f0-9dfa-c1cb41e994a1
db_rotas,857,required_null,Required columns null: cd,"{""cd"": null, ""filial"": 865, ""uf"": ""CE"", ""nome"": ""ICO01-Ico-CE#"", ""rota"": ""ROTA 009-SERGIPE"", ""source_file"": ""BD_ROTAS.xlsx"", ""source_row_number"": 857}",8d684837-8adc-47f0-9dfa-c1cb41e994a1
db_rotas,867,required_null,Required columns null: cd,"{""cd"": null, ""filial"": 877, ""uf"": ""CE"", ""nome"": ""TUA01-Taua-CE#"", ""rota"": ""ROTA 009-SERGIPE"", ""source_file"": ""BD_ROTAS.xlsx"", ""source_row_number"": 867}",8d684837-8adc-47f0-9dfa-c1cb41e994a1
db_rotas,936,required_null,Required columns null: cd,"{""cd"": null, ""filial"": 946, ""uf"": ""ES"", ""nome"": ""CAR02-CampoGrande-ES"", ""rota"": ""ROTA 213-DISTRITO FEDERAL-DF"", ""source_file"": ""BD_ROTAS.xlsx"", ""source_row_number"": 936}",8d684837-8adc-47f0-9dfa-c1cb41e994a1
db_rotas,948,required_null,Required columns null: cd,"{""cd"": null, ""filial"": 958, ""uf"": ""CE"", ""nome"": ""ACO01-Acopiara-CE"", ""rota"": ""ROTA 009-SERGIPE"", ""source_file"": ""BD_ROTAS.xlsx"", ""source_row_number"": 948}",8d684837-8adc-47f0-9dfa-c1cb41e994a1
db_rotas,962,required_null,Required columns null: cd,"{""cd"": null, ""filial"": 973, ""uf"": ""GO"", ""nome"": ""CRT01-Cristalina1-GO"", ""rota"": ""ROTA 218"", ""source_file"": ""BD_ROTAS.xlsx"", ""source_row_number"": 962}",8d684837-8adc-47f0-9dfa-c1cb41e994a1
db_rotas,965,required_null,Required columns null: cd,"{""cd"": null, ""filial"": 976, ""uf"": ""BA"", ""nome"": ""SAL31-VascoGama-BA"", ""rota"": ""ROTA 414 - SALVADOR"", ""source_file"": ""BD_ROTAS.xlsx"", ""source_row_number"": 965}",8d684837-8adc-47f0-9dfa-c1cb41e994a1
db_rotas,975,required_null,Required columns null: cd,"{""cd"": null, ""filial"": 986, ""uf"": ""RS"", ""nome"": ""GVT01-Gravatai-RS"", ""rota"": ""ROTA 213-DISTRITO FEDERAL-DF"", ""source_file"": ""BD_ROTAS.xlsx"", ""source_row_number"": 975}",8d684837-8adc-47f0-9dfa-c1cb41e994a1
db_rotas,981,required_null,Required columns null: cd,"{""cd"": null, ""filial"": 992, ""uf"": ""GO"", ""nome"": ""PLA01-Planaltina-GO"", ""rota"": ""ROTA 217-LOJA NOVA"", ""source_file"": ""BD_ROTAS.xlsx"", ""source_row_number"": 981}",8d684837-8adc-47f0-9dfa-c1cb41e994a1
db_rotas,983,required_null,Required columns null: cd,"{""cd"": null, ""filial"": 994, ""uf"": ""MS"", ""nome"": ""CGD13-Moreninha-MS"", ""rota"": ""ROTA 209- MATO GROSSO-MT 01"", ""source_file"": ""BD_ROTAS.xlsx"", ""source_row_number"": 983}",8d684837-8adc-47f0-9dfa-c1cb41e994a1
db_rotas,992,required_null,Required columns null: cd,"{""cd"": null, ""filial"": 1003, ""uf"": ""ES"", ""nome"": ""VIL07-LucianoNeve-ES"", ""rota"": ""ROTA 213-DISTRITO FEDERAL-DF"", ""source_file"": ""BD_ROTAS.xlsx"", ""source_row_number"": 992}",8d684837-8adc-47f0-9dfa-c1cb41e994a1
db_rotas,994,required_null,Required columns null: cd,"{""cd"": null, ""filial"": 1005, ""uf"": ""MS"", ""nome"": ""CGD16-NovaLima-MS"", ""rota"": ""ROTA 209- MATO GROSSO-MT 01"", ""source_file"": ""BD_ROTAS.xlsx"", ""source_row_number"": 994}",8d684837-8adc-47f0-9dfa-c1cb41e994a1
db_rotas,995,required_null,Required columns null: cd,"{""cd"": null, ""filial"": 1006, ""uf"": ""MS"", ""nome"": ""CGD13-ShBosqueIpe-MS"", ""rota"": ""ROTA 209- MATO GROSSO-MT 01"", ""source_file"": ""BD_ROTAS.xlsx"", ""source_row_number"": 995}",8d684837-8adc-47f0-9dfa-c1cb41e994a1
db_rotas,1001,required_null,Required columns null: cd,"{""cd"": null, ""filial"": 1012, ""uf"": ""SE"", ""nome"": ""NSS02-ShPremio-SE"", ""rota"": ""ROTA 004-JOQUEI D+0"", ""source_file"": ""BD_ROTAS.xlsx"", ""source_row_number"": 1001}",8d684837-8adc-47f0-9dfa-c1cb41e994a1
db_rotas,1005,required_null,Required columns null: cd,"{""cd"": null, ""filial"": 1016, ""uf"": ""PE"", ""nome"": ""REC38-PontoParada-PE"", ""rota"": ""ROTA 305-PAULISTA \u2013PE"", ""source_file"": ""BD_ROTAS.xlsx"", ""source_row_number"": 1005}",8d684837-8adc-47f0-9dfa-c1cb41e994a1
db_rotas,1024,required_null,Required columns null: cd,"{""cd"": null, ""filial"": 1035, ""uf"": ""PA"", ""nome"": ""BEL15-Pedreira2-PA"", ""rota"": ""ROTA 005-NOTURNO D+0"", ""source_file"": ""BD_ROTAS.xlsx"", ""source_row_number"": 1024}",8d684837-8adc-47f0-9dfa-c1cb41e994a1
db_rotas,1041,required_null,Required columns null: cd,"{""cd"": null, ""filial"": 1052, ""uf"": ""DF"", ""nome"": ""BRA12-RecantoEmas-DF"", ""rota"": ""ROTA 217-LOJA NOVA"", ""source_file"": ""BD_ROTAS.xlsx"", ""source_row_number"": 1041}",8d684837-8adc-47f0-9dfa-c1cb41e994a1
db_rotas,1047,required_null,Required columns null: cd,"{""cd"": null, ""filial"": 1058, ""uf"": ""SP"", ""nome"": ""SPA37-JoaquimFlor-SP"", ""rota"": ""ROTA 202-GOIANIA-GO"", ""source_file"": ""BD_ROTAS.xlsx"", ""source_row_number"": 1047}",8d684837-8adc-47f0-9dfa-c1cb41e994a1
db_rotas,1050,required_null,Required columns null: cd,"{""cd"": null, ""filial"": 1061, ""uf"": ""SP"", ""nome"": ""JUN01-Jundiai-SP"", ""rota"": ""ROTA 207-SANTA CATARINA-SC"", ""source_file"": ""BD_ROTAS.xlsx"", ""source_row_number"": 1050}",8d684837-8adc-47f0-9dfa-c1cb41e994a1
db_rotas,1055,required_null,Required columns null: cd,"{""cd"": null, ""filial"": 1066, ""uf"": ""RS"", ""nome"": ""SLE01-SaoLeopoldo-RS"", ""rota"": ""ROTA 213-DISTRITO FEDERAL-DF"", ""source_file"": ""BD_ROTAS.xlsx"", ""source_row_number"": 1055}",8d684837-8adc-47f0-9dfa-c1cb41e994a1
db_rotas,1070,required_null,Required columns null: cd,"{""cd"": null, ""filial"": 1081, ""uf"": ""RJ"", ""nome"": ""PTR02-Itaipava-RJ"", ""rota"": ""ROTA 214-RONDONIA-RO"", ""source_file"": ""BD_ROTAS.xlsx"", ""source_row_number"": 1070}",8d684837-8adc-47f0-9dfa-c1cb41e994a1
db_rotas,1072,required_null,Required columns null: cd,"{""cd"": null, ""filial"": 1083, ""uf"": ""ES"", ""nome"": ""VIT10-SaturninoBr-ES"", ""rota"": ""ROTA 213-DISTRITO FEDERAL-DF"", ""source_file"": ""BD_ROTAS.xlsx"", ""source_row_number"": 1072}",8d684837-8adc-47f0-9dfa-c1cb41e994a1
db_rotas,1073,required_null,Required columns null: cd,"{""cd"": null, ""filial"": 1084, ""uf"": ""ES"", ""nome"": ""ARZ02-JdAracruz-ES"", ""rota"": ""ROTA 213-DISTRITO FEDERAL-DF"", ""source_file"": ""BD_ROTAS.xlsx"", ""source_row_number"": 1073}",8d684837-8adc-47f0-9dfa-c1cb41e994a1
db_rotas,1084,required_null,Required columns null: cd,"{""cd"": null, ""filial"": 1095, ""uf"": ""SP"", ""nome"": ""GAC01-Garca1-SP"", ""rota"": ""ROTA 205-PARANA-PR"", ""source_file"": ""BD_ROTAS.xlsx"", ""source_row_number"": 1084}",8d684837-8adc-47f0-9dfa-c1cb41e994a1
db_rotas,1098,required_null,Required columns null: cd,"{""cd"": null, ""filial"": 1109, ""uf"": ""RJ"", ""nome"": ""NIT02-Icarai-RJ"", ""rota"": ""ROTA 214-RONDONIA-RO"", ""source_file"": ""BD_ROTAS.xlsx"", ""source_row_number"": 1098}",8d684837-8adc-47f0-9dfa-c1cb41e994a1
db_rotas,1104,required_null,Required columns null: cd,"{""cd"": null, ""filial"": 1115, ""uf"": ""RJ"", ""nome"": ""NIL01-Nilopolis-RJ"", ""rota"": ""ROTA 214-RONDONIA-RO"", ""source_file"": ""BD_ROTAS.xlsx"", ""source_row_number"": 1104}",8d684837-8adc-47f0-9dfa-c1cb41e994a1
db_rotas,1116,required_null,Required columns null: cd,"{""cd"": null, ""filial"": 1127, ""uf"": ""ES"", ""nome"": ""VIT11-JoseTeixeir-ES"", ""rota"": ""ROTA 213-DISTRITO FEDERAL-DF"", ""source_file"": ""BD_ROTAS.xlsx"", ""source_row_number"": 1116}",8d684837-8adc-47f0-9dfa-c1cb41e994a1
db_rotas,1124,required_null,Required columns null: cd,"{""cd"": null, ""filial"": 1135, ""uf"": ""SP"", ""nome"": ""LOR01-Lorena-SP"", ""rota"": ""ROTA 207-SANTA CATARINA-SC"", ""source_file"": ""BD_ROTAS.xlsx"", ""source_row_number"": 1124}",8d684837-8adc-47f0-9dfa-c1cb41e994a1
db_rotas,1135,required_null,Required columns null: cd,"{""cd"": null, ""filial"": 1146, ""uf"": ""MG"", ""nome"": ""ALF01-Alfenas-MG"", ""rota"": ""ROTA 508 - MINAS GERAIS 08"", ""source_file"": ""BD_ROTAS.xlsx"", ""source_row_number"": 1135}",8d684837-8adc-47f0-9dfa-c1cb41e994a1
db_rotas,1136,required_null,Required columns null: cd,"{""cd"": null, ""filial"": 1147, ""uf"": ""PA"", ""nome"": ""BEL12-ShParque-PA"", ""rota"": ""ROTA 005-NOTURNO D+0"", ""source_file"": ""BD_ROTAS.xlsx"", ""source_row_number"": 1136}",8d684837-8adc-47f0-9dfa-c1cb41e994a1
db_rotas,1137,required_null,Required columns null: cd,"{""cd"": null, ""filial"": 1148, ""uf"": ""PA"", ""nome"": ""MAB01-Marituba-PA"", ""rota"": ""ROTA 601 - BELEM 01"", ""source_file"": ""BD_ROTAS.xlsx"", ""source_row_number"": 1137}",8d684837-8adc-47f0-9dfa-c1cb41e994a1
db_rotas,1138,required_null,Required columns null: cd,"{""cd"": null, ""filial"": 1149, ""uf"": ""CE"", ""nome"": ""FOR108-VirgTavor2-CE"", ""rota"": ""ROTA 027-LOJA NOVA"", ""source_file"": ""BD_ROTAS.xlsx"", ""source_row_number"": 1138}",8d684837-8adc-47f0-9dfa-c1cb41e994a1
db_rotas,1140,required_null,Required columns null: cd,"{""cd"": null, ""filial"": 1151, ""uf"": ""SP"", ""nome"": ""STA01-SantoAndre-SP"", ""rota"": ""ROTA 206- TOCANTINS-TO"", ""source_file"": ""BD_ROTAS.xlsx"", ""source_row_number"": 1140}",8d684837-8adc-47f0-9dfa-c1cb41e994a1
db_rotas,1141,required_null,Required columns null: cd,"{""cd"": null, ""filial"": 1152, ""uf"": ""RJ"", ""nome"": ""ARM01-Araruama-RJ"", ""rota"": ""ROTA 214-RONDONIA-RO"", ""source_file"": ""BD_ROTAS.xlsx"", ""source_row_number"": 1141}",8d684837-8adc-47f0-9dfa-c1cb41e994a1
db_rotas,1142,required_null,Required columns null: cd,"{""cd"": null, ""filial"": 1153, ""uf"": ""PR"", ""nome"": ""CBA13-CarlosPioli-PR"", ""rota"": ""ROTA 210-MATO GROSSO-MT 02"", ""source_file"": ""BD_ROTAS.xlsx"", ""source_row_number"": 1142}",8d684837-8adc-47f0-9dfa-c1cb41e994a1
db_rotas,1143,required_null,Required columns null: cd,"{""cd"": null, ""filial"": 1154, ""uf"": ""SP"", ""nome"": ""SPA51-AlmGuatas-SP"", ""rota"": ""ROTA 201-MILH\u00c3O"", ""source_file"": ""BD_ROTAS.xlsx"", ""source_row_number"": 1143}",8d684837-8adc-47f0-9dfa-c1cb41e994a1
db_rotas,1150,required_null,Required columns null: cd,"{""cd"": null, ""filial"": 1161, ""uf"": ""SC"", ""nome"": ""BAL02-AvdoEstado-SC"", ""rota"": ""GOI\u00c1S INTERIOR-GO"", ""source_file"": ""BD_ROTAS.xlsx"", ""source_row_number"": 1150}",8d684837-8adc-47f0-9dfa-c1cb41e994a1
db_rotas,1158,required_null,Required columns null: cd,"{""cd"": null, ""filial"": 1170, ""uf"": ""BA"", ""nome"": ""VDC06-VictorBrito-BA"", ""rota"": ""ROTA 416 - BAHIA"", ""source_file"": ""BD_ROTAS.xlsx"", ""source_row_number"": 1158}",8d684837-8adc-47f0-9dfa-c1cb41e994a1
db_rotas,1163,required_null,Required columns null: cd,"{""cd"": null, ""filial"": 1175, ""uf"": ""PA"", ""nome"": ""TAI01-Tailandia-PA"", ""rota"": ""ROTA 005-NOTURNO D+0"", ""source_file"": ""BD_ROTAS.xlsx"", ""source_row_number"": 1163}",8d684837-8adc-47f0-9dfa-c1cb41e994a1
db_rotas,1164,required_null,Required columns null: cd,"{""cd"": null, ""filial"": 1176, ""uf"": ""SP"", ""nome"": ""SMR01-Sumare-SP"", ""rota"": ""ROTA 801 - SAO PAULO 01"", ""source_file"": ""BD_ROTAS.xlsx"", ""source_row_number"": 1164}",8d684837-8adc-47f0-9dfa-c1cb41e994a1
db_rotas,1165,required_null,Required columns null: cd,"{""cd"": null, ""filial"": 1177, ""uf"": ""MG"", ""nome"": ""JUF06-ItamarFran-MG"", ""rota"": ""ROTA 507 - MINAS GERAIS 07"", ""source_file"": ""BD_ROTAS.xlsx"", ""source_row_number"": 1165}",8d684837-8adc-47f0-9dfa-c1cb41e994a1
db_rotas,1169,required_null,Required columns null: cd,"{""cd"": null, ""filial"": 1181, ""uf"": ""PE"", ""nome"": ""REC43-LeoBezerra-PE"", ""rota"": ""ROTA 311-CAMARAGIBE-PE"", ""source_file"": ""BD_ROTAS.xlsx"", ""source_row_number"": 1169}",8d684837-8adc-47f0-9dfa-c1cb41e994a1
db_rotas,1173,required_null,Required columns null: cd,"{""cd"": null, ""filial"": 1185, ""uf"": ""PA"", ""nome"": ""BEL19-PeEutiquio-PA"", ""rota"": ""ROTA 005-NOTURNO D+0"", ""source_file"": ""BD_ROTAS.xlsx"", ""source_row_number"": 1173}",8d684837-8adc-47f0-9dfa-c1cb41e994a1
db_rotas,1177,required_null,Required columns null: cd,"{""cd"": null, ""filial"": 1189, ""uf"": ""PA"", ""nome"": ""BEL13-ShBoulevard-PA"", ""rota"": ""ROTA 005-NOTURNO D+0"", ""source_file"": ""BD_ROTAS.xlsx"", ""source_row_number"": 1177}",8d684837-8adc-47f0-9dfa-c1cb41e994a1
db_rotas,1180,required_null,Required columns null: cd,"{""cd"": null, ""filial"": 1192, ""uf"": ""SP"", ""nome"": ""SPA49-AbilioSoare-SP"", ""rota"": ""ROTA 207-SANTA CATARINA-SC"", ""source_file"": ""BD_ROTAS.xlsx"", ""source_row_number"": 1180}",8d684837-8adc-47f0-9dfa-c1cb41e994a1
db_rotas,1192,required_null,Required columns null: cd,"{""cd"": null, ""filial"": 1205, ""uf"": ""PE"", ""nome"": ""GAR03-StoAntonio-PE"", ""rota"": ""ROTA 313-ARCOVERDE - PE"", ""source_file"": ""BD_ROTAS.xlsx"", ""source_row_number"": 1192}",8d684837-8adc-47f0-9dfa-c1cb41e994a1
db_rotas,1210,required_null,Required columns null: cd,"{""cd"": null, ""filial"": 1223, ""uf"": ""SP"", ""nome"": ""CPN06-PontePreta-SP"", ""rota"": ""ROTA 201-MILH\u00c3O"", ""source_file"": ""BD_ROTAS.xlsx"", ""source_row_number"": 1210}",8d684837-8adc-47f0-9dfa-c1cb41e994a1
db_rotas,1211,required_null,Required columns null: cd,"{""cd"": null, ""filial"": 1224, ""uf"": ""SP"", ""nome"": ""CPN07-Cambui2-SP"", ""rota"": ""ROTA 201-MILH\u00c3O"", ""source_file"": ""BD_ROTAS.xlsx"", ""source_row_number"": 1211}",8d684837-8adc-47f0-9dfa-c1cb41e994a1
db_rotas,1217,required_null,Required columns null: cd,"{""cd"": null, ""filial"": 1230, ""uf"": ""MG"", ""nome"": ""STE03-MucJoseReis-MG"", ""rota"": ""ROTA 210-MATO GROSSO-MT 02"", ""source_file"": ""BD_ROTAS.xlsx"", ""source_row_number"": 1217}",8d684837-8adc-47f0-9dfa-c1cb41e994a1
db_rotas,1220,required_null,Required columns null: cd,"{""cd"": null, ""filial"": 1233, ""uf"": ""PB"", ""nome"": ""PAT03-DomPedroII-PB"", ""rota"": ""ROTA 914 LOJA NOVA"", ""source_file"": ""BD_ROTAS.xlsx"", ""source_row_number"": 1220}",8d684837-8adc-47f0-9dfa-c1cb41e994a1
db_rotas,1231,required_null,Required columns null: cd,"{""cd"": null, ""filial"": 1244, ""uf"": ""SP"", ""nome"": ""HTL01-Hortolandia-SP"", ""rota"": ""ROTA 206- TOCANTINS-TO"", ""source_file"": ""BD_ROTAS.xlsx"", ""source_row_number"": 1231}",8d684837-8adc-47f0-9dfa-c1cb41e994a1
db_rotas,1233,required_null,Required columns null: cd,"{""cd"": null, ""filial"": 1246, ""uf"": ""PA"", ""nome"": ""BEL24-AlmiranteW-PA"", ""rota"": ""ROTA 005-NOTURNO D+0"", ""source_file"": ""BD_ROTAS.xlsx"", ""source_row_number"": 1233}",8d684837-8adc-47f0-9dfa-c1cb41e994a1
db_rotas,1239,required_null,Required columns null: cd,"{""cd"": null, ""filial"": 1253, ""uf"": ""SP"", ""nome"": ""SPA38-CelDiogo-SP"", ""rota"": ""ROTA 801 - SAO PAULO 01"", ""source_file"": ""BD_ROTAS.xlsx"", ""source_row_number"": 1239}",8d684837-8adc-47f0-9dfa-c1cb41e994a1
db_rotas,1241,required_null,Required columns null: cd,"{""cd"": null, ""filial"": 1255, ""uf"": ""CE"", ""nome"": ""FOR197-Sen.Pompeu"", ""rota"": ""315- PETROLINA - PE"", ""source_file"": ""BD_ROTAS.xlsx"", ""source_row_number"": 1241}",8d684837-8adc-47f0-9dfa-c1cb41e994a1
db_rotas,1274,required_null,Required columns null: cd,"{""cd"": null, ""filial"": 1288, ""uf"": ""MA"", ""nome"": ""IMP05-NewtonBelo-MA"", ""rota"": ""ROTA 701 - SAO LUIS 01"", ""source_file"": ""BD_ROTAS.xlsx"", ""source_row_number"": 1274}",8d684837-8adc-47f0-9dfa-c1cb41e994a1
db_rotas,1285,required_null,Required columns null: cd,"{""cd"": null, ""filial"": 1299, ""uf"": ""RJ"", ""nome"": ""SGL01-ShSGoncalo-RJ"", ""rota"": ""ROTA 212-MATO GROSSO-MS 01"", ""source_file"": ""BD_ROTAS.xlsx"", ""source_row_number"": 1285}",8d684837-8adc-47f0-9dfa-c1cb41e994a1
db_rotas,1296,required_null,Required columns null: cd,"{""cd"": null, ""filial"": 1310, ""uf"": ""RJ"", ""nome"": ""ITI01-ShItaborai-RJ"", ""rota"": ""ROTA 212-MATO GROSSO-MS 01"", ""source_file"": ""BD_ROTAS.xlsx"", ""source_row_number"": 1296}",8d684837-8adc-47f0-9dfa-c1cb41e994a1
db_rotas,1306,required_null,Required columns null: cd,"{""cd"": null, ""filial"": 1320, ""uf"": ""RN"", ""nome"": ""PAR08-ParqExposic-RN"", ""rota"": ""ROTA 003-ALDEOTA 3 D+0"", ""source_file"": ""BD_ROTAS.xlsx"", ""source_row_number"": 1306}",8d684837-8adc-47f0-9dfa-c1cb41e994a1
db_rotas,1317,required_null,Required columns null: cd,"{""cd"": null, ""filial"": 1332, ""uf"": ""SP"", ""nome"": ""SPA40-CamargoNovo-SP"", ""rota"": ""ROTA 809 - SAO PAULO 09"", ""source_file"": ""BD_ROTAS.xlsx"", ""source_row_number"": 1317}",8d684837-8adc-47f0-9dfa-c1cb41e994a1
db_rotas,1358,required_null,Required columns null: cd,"{""cd"": null, ""filial"": 1373, ""uf"": ""BA"", ""nome"": ""LFR06-Buraquinho-BA"", ""rota"": ""ROTA 411 - SALVADOR"", ""source_file"": ""BD_ROTAS.xlsx"", ""source_row_number"": 1358}",8d684837-8adc-47f0-9dfa-c1cb41e994a1
db_rotas,1362,required_null,Required columns null: cd,"{""cd"": null, ""filial"": 1377, ""uf"": ""BA"", ""nome"": ""IRE02-PrimJaneiro-BA"", ""rota"": ""ROTA 403 - INTERIOR"", ""source_file"": ""BD_ROTAS.xlsx"", ""source_row_number"": 1362}",8d684837-8adc-47f0-9dfa-c1cb41e994a1
db_rotas,1363,required_null,Required columns null: cd,"{""cd"": null, ""filial"": 1378, ""uf"": ""BA"", ""nome"": ""POS02-AvNavegante-BA"", ""rota"": ""ROTA 404 - INTERIOR"", ""source_file"": ""BD_ROTAS.xlsx"", ""source_row_number"": 1363}",8d684837-8adc-47f0-9dfa-c1cb41e994a1
db_rotas,1378,required_null,Required columns null: cd,"{""cd"": null, ""filial"": 1393, ""uf"": ""CE"", ""nome"": ""MOM01-Mombaca-CE"", ""rota"": ""ROTA 910 - TAU\u00c1 - CE"", ""source_file"": ""BD_ROTAS.xlsx"", ""source_row_number"": 1378}",8d684837-8adc-47f0-9dfa-c1cb41e994a1
db_rotas,1385,required_null,Required columns null: cd,"{""cd"": null, ""filial"": 1400, ""uf"": ""PB"", ""nome"": ""BAY02-AvLiberdade-PB"", ""rota"": ""ROTA 022-INT.01-PI"", ""source_file"": ""BD_ROTAS.xlsx"", ""source_row_number"": 1385}",8d684837-8adc-47f0-9dfa-c1cb41e994a1
db_rotas,1394,required_null,Required columns null: cd,"{""cd"": null, ""filial"": 1409, ""uf"": ""AL"", ""nome"": ""MCH01-MalDeodoro-AL"", ""rota"": ""ROTA 002-BENFICA D+0"", ""source_file"": ""BD_ROTAS.xlsx"", ""source_row_number"": 1394}",8d684837-8adc-47f0-9dfa-c1cb41e994a1
db_rotas,1400,required_null,Required columns null: cd,"{""cd"": null, ""filial"": 1415, ""uf"": ""PB"", ""nome"": ""CGR08-AlmeidaBarr-PB"", ""rota"": ""ROTA 021-TERESINA"", ""source_file"": ""BD_ROTAS.xlsx"", ""source_row_number"": 1400}",8d684837-8adc-47f0-9dfa-c1cb41e994a1
db_rotas,1414,required_null,Required columns null: cd,"{""cd"": null, ""filial"": 1429, ""uf"": ""PE"", ""nome"": ""CRU12-AvGenova-PE"", ""rota"": ""ROTA 309- RECIFE 03-PE"", ""source_file"": ""BD_ROTAS.xlsx"", ""source_row_number"": 1414}",8d684837-8adc-47f0-9dfa-c1cb41e994a1
db_rotas,1416,required_null,Required columns null: cd,"{""cd"": null, ""filial"": 1431, ""uf"": ""BA"", ""nome"": ""ITN03-PrinIsabel-BA"", ""rota"": ""ROTA 404 - INTERIOR"", ""source_file"": ""BD_ROTAS.xlsx"", ""source_row_number"": 1416}",8d684837-8adc-47f0-9dfa-c1cb41e994a1
db_rotas,1420,required_null,Required columns null: cd,"{""cd"": null, ""filial"": 1435, ""uf"": ""PB"", ""nome"": ""JPE48-AvProducao-PB"", ""rota"": ""ROTA 024-JOAO PESSOA"", ""source_file"": ""BD_ROTAS.xlsx"", ""source_row_number"": 1420}",8d684837-8adc-47f0-9dfa-c1cb41e994a1
db_rotas,1431,required_null,Required columns null: cd,"{""cd"": null, ""filial"": 1448, ""uf"": ""SE"", ""nome"": ""NSS03-MarcoFreire-SE"", ""rota"": ""ROTA 003-ALDEOTA 3 D+0"", ""source_file"": ""BD_ROTAS.xlsx"", ""source_row_number"": 1431}",8d684837-8adc-47f0-9dfa-c1cb41e994a1
db_rotas,1434,required_null,Required columns null: cd,"{""cd"": null, ""filial"": 1451, ""uf"": ""PI"", ""nome"": ""PBA04-PinheiroMac-PI"", ""rota"": ""ROTA 022-INT.01-PI"", ""source_file"": ""BD_ROTAS.xlsx"", ""source_row_number"": 1434}",8d684837-8adc-47f0-9dfa-c1cb41e994a1
db_rotas,1436,required_null,Required columns null: cd,"{""cd"": null, ""filial"": 1453, ""uf"": ""PE"", ""nome"": ""ARP02-Rua15-PE"", ""rota"": ""ROTA 314- GARANHUNS - PE"", ""source_file"": ""BD_ROTAS.xlsx"", ""source_row_number"": 1436}",8d684837-8adc-47f0-9dfa-c1cb41e994a1
db_rotas,1440,required_null,Required columns null: cd,"{""cd"": null, ""filial"": 1457, ""uf"": ""PE"", ""nome"": ""JGU15-AnicetoVar-PE"", ""rota"": ""ROTA 306-RECIFE -01 \u2013 PE"", ""source_file"": ""BD_ROTAS.xlsx"", ""source_row_number"": 1440}",8d684837-8adc-47f0-9dfa-c1cb41e994a1
db_rotas,1443,required_null,Required columns null: cd,"{""cd"": null, ""filial"": 1460, ""uf"": ""RN"", ""nome"": ""PAR08-RdosVentos-RN"", ""rota"": ""ROTA 003-ALDEOTA 3 D+0"", ""source_file"": ""BD_ROTAS.xlsx"", ""source_row_number"": 1443}",8d684837-8adc-47f0-9dfa-c1cb41e994a1
db_rotas,1445,required_null,Required columns null: cd,"{""cd"": null, ""filial"": 1462, ""uf"": ""PE"", ""nome"": ""PDL01-Paudalho-PE"", ""rota"": ""ROTA 304-RECIFE 02-PE"", ""source_file"": ""BD_ROTAS.xlsx"", ""source_row_number"": 1445}",8d684837-8adc-47f0-9dfa-c1cb41e994a1
db_rotas,1446,required_null,Required columns null: cd,"{""cd"": null, ""filial"": 1463, ""uf"": ""PE"", ""nome"": ""JGU13-BdeJangada-PE"", ""rota"": ""ROTA 306-RECIFE -01 \u2013 PE"", ""source_file"": ""BD_ROTAS.xlsx"", ""source_row_number"": 1446}",8d684837-8adc-47f0-9dfa-c1cb41e994a1
db_rotas,1454,required_null,Required columns null: cd,"{""cd"": null, ""filial"": 1472, ""uf"": ""MA"", ""nome"": ""SLU82-Africanos-MA"", ""rota"": ""ROTA 707 - SAO LUIS 07"", ""source_file"": ""BD_ROTAS.xlsx"", ""source_row_number"": 1454}",8d684837-8adc-47f0-9dfa-c1cb41e994a1
db_rotas,1459,required_null,Required columns null: cd,"{""cd"": null, ""filial"": 1477, ""uf"": ""MT"", ""nome"": ""CUI24-Araes-MT"", ""rota"": ""ROTA 201-MILH\u00c3O"", ""source_file"": ""BD_ROTAS.xlsx"", ""source_row_number"": 1459}",8d684837-8adc-47f0-9dfa-c1cb41e994a1
db_rotas,1460,required_null,Required columns null: cd,"{""cd"": null, ""filial"": 1478, ""uf"": ""RN"", ""nome"": ""PAR08-RosaFernand-RN"", ""rota"": ""ROTA 007-RIO GRANDE DO NORTE 1"", ""source_file"": ""BD_ROTAS.xlsx"", ""source_row_number"": 1460}",8d684837-8adc-47f0-9dfa-c1cb41e994a1
db_rotas,1464,required_null,Required columns null: cd,"{""cd"": null, ""filial"": 1482, ""uf"": ""CE"", ""nome"": ""JUA09-CasteBranco-CE"", ""rota"": ""ROTA 911 - JUAZEIRO - CE"", ""source_file"": ""BD_ROTAS.xlsx"", ""source_row_number"": 1464}",8d684837-8adc-47f0-9dfa-c1cb41e994a1
db_rotas,1486,required_null,Required columns null: cd,"{""cd"": null, ""filial"": 1507, ""uf"": ""SE"", ""nome"": ""AJU33-Siqueira2-SE"", ""rota"": ""ROTA 009-SERGIPE"", ""source_file"": ""BD_ROTAS.xlsx"", ""source_row_number"": 1486}",8d684837-8adc-47f0-9dfa-c1cb41e994a1
db_rotas,1489,required_null,Required columns null: cd,"{""cd"": null, ""filial"": 1511, ""uf"": ""AL"", ""nome"": ""ARA08-Bosque-AL"", ""rota"": ""ROTA 010-ALAGOAS"", ""source_file"": ""BD_ROTAS.xlsx"", ""source_row_number"": 1489}",8d684837-8adc-47f0-9dfa-c1cb41e994a1
db_rotas,1495,required_null,Required columns null: cd,"{""cd"": null, ""filial"": 1517, ""uf"": ""GO"", ""nome"": ""GOI18-Alphaville-GO"", ""rota"": ""ROTA 201-MILH\u00c3O"", ""source_file"": ""BD_ROTAS.xlsx"", ""source_row_number"": 1495}",8d684837-8adc-47f0-9dfa-c1cb41e994a1
db_rotas,1496,required_null,Required columns null: cd,"{""cd"": null, ""filial"": 7001, ""uf"": ""PA"", ""nome"": ""BEL-UMARIZ-PA-EF"", ""rota"": ""ROTA 604 - BELEM 04"", ""source_file"": ""BD_ROTAS.xlsx"", ""source_row_number"": 1496}",8d684837-8adc-47f0-9dfa-c1cb41e994a1
db_rotas,1506,required_null,Required columns null: cd,"{""cd"": null, ""filial"": 7021, ""uf"": ""PA"", ""nome"": ""BEL60-AlmBarro-PA-EF"", ""rota"": ""ROTA 604 - BELEM 04"", ""source_file"": ""BD_ROTAS.xlsx"", ""source_row_number"": 1506}",8d684837-8adc-47f0-9dfa-c1cb41e994a1
db_rotas,1514,required_null,Required columns null: cd,"{""cd"": null, ""filial"": 7029, ""uf"": ""PA"", ""nome"": ""BEL30-BatCam-PA-EF"", ""rota"": ""ROTA 605 - BELEM 05"", ""source_file"": ""BD_ROTAS.xlsx"", ""source_row_number"": 1514}",8d684837-8adc-47f0-9dfa-c1cb41e994a1
db_rotas,1527,required_null,Required columns null: cd,"{""cd"": null, ""filial"": 7046, ""uf"": ""PA"", ""nome"": ""BEL73-GoJosMal-PA-EF"", ""rota"": ""ROTA 607 - BELEM 07"", ""source_file"": ""BD_ROTAS.xlsx"", ""source_row_number"": 1527}",8d684837-8adc-47f0-9dfa-c1cb41e994a1
db_rotas,1569,required_null,Required columns null: cd,"{""cd"": null, ""filial"": 7098, ""uf"": ""CE"", ""nome"": ""FOR155-AugAnjo-CE-EF"", ""rota"": ""ROTA 903 - EUS\u00c9BIO - FOR"", ""source_file"": ""BD_ROTAS.xlsx"", ""source_row_number"": 1569}",8d684837-8adc-47f0-9dfa-c1cb41e994a1
db_rotas,1579,required_null,Required columns null: cd,"{""cd"": null, ""filial"": 7110, ""uf"": ""PA"", ""nome"": ""BEL72-StoAnton-PA-EF"", ""rota"": ""ROTA 601 - BELEM 01"", ""source_file"": ""BD_ROTAS.xlsx"", ""source_row_number"": 1579}",8d684837-8adc-47f0-9dfa-c1cb41e994a1
db_rotas,1609,required_null,Required columns null: cd,"{""cd"": null, ""filial"": 7145, ""uf"": ""CE"", ""nome"": ""FOR159-LibBarr-CE-EF"", ""rota"": ""ROTA 904 - MESSEJANA - FOR"", ""source_file"": ""BD_ROTAS.xlsx"", ""source_row_number"": 1609}",8d684837-8adc-47f0-9dfa-c1cb41e994a1
db_rotas,1613,required_null,Required columns null: cd,"{""cd"": null, ""filial"": 7149, ""uf"": ""CE"", ""nome"": ""FOR160-PerFilg-CE-EF"", ""rota"": ""ROTA 903 - EUS\u00c9BIO - FOR"", ""source_file"": ""BD_ROTAS.xlsx"", ""source_row_number"": 1613}",8d684837-8adc-47f0-9dfa-c1cb41e994a1
db_rotas,1623,required_null,Required columns null: cd,"{""cd"": null, ""filial"": 7166, ""uf"": ""PA"", ""nome"": ""BEL57-JosBonif-PA-EF"", ""rota"": ""ROTA 606 - BELEM 06"", ""source_file"": ""BD_ROTAS.xlsx"", ""source_row_number"": 1623}",8d684837-8adc-47f0-9dfa-c1cb41e994a1
db_rotas,1629,required_null,Required columns null: cd,"{""cd"": null, ""filial"": 7172, ""uf"": ""MA"", ""nome"": ""COD02-AfonPena-MA-EF"", ""rota"": ""ROTA 701 - SAO LUIS 01"", ""source_file"": ""BD_ROTAS.xlsx"", ""source_row_number"": 1629}",8d684837-8adc-47f0-9dfa-c1cb41e994a1
db_rotas,1640,required_null,Required columns null: cd,"{""cd"": null, ""filial"": 7188, ""uf"": ""CE"", ""nome"": ""RUS02-DLino-CE-EF"", ""rota"": ""ROTA 901 DIONISIO TORRES - FOR"", ""source_file"": ""BD_ROTAS.xlsx"", ""source_row_number"": 1640}",8d684837-8adc-47f0-9dfa-c1cb41e994a1
db_rotas,1651,required_null,Required columns null: cd,"{""cd"": null, ""filial"": 7202, ""uf"": ""PA"", ""nome"": ""PRB03-ShParaua-PA-EF"", ""rota"": ""ROTA 610 - MARABA 01"", ""source_file"": ""BD_ROTAS.xlsx"", ""source_row_number"": 1651}",8d684837-8adc-47f0-9dfa-c1cb41e994a1
db_rotas,1654,required_null,Required columns null: cd,"{""cd"": null, ""filial"": 7206, ""uf"": ""CE"", ""nome"": ""SOB07-CeDioGom-CE-EF"", ""rota"": ""ROTA 017-IGUATEMI"", ""source_file"": ""BD_ROTAS.xlsx"", ""source_row_number"": 1654}",8d684837-8adc-47f0-9dfa-c1cb41e994a1
db_rotas,1658,required_null,Required columns null: cd,"{""cd"": null, ""filial"": 7210, ""uf"": ""PI"", ""nome"": ""TER21-NsraFat-PI-EF"", ""rota"": ""ROTA 901 DIONISIO TORRES - FOR"", ""source_file"": ""BD_ROTAS.xlsx"", ""source_row_number"": 1658}",8d684837-8adc-47f0-9dfa-c1cb41e994a1
db_rotas,1665,required_null,Required columns null: cd,"{""cd"": null, ""filial"": 7219, ""uf"": ""PA"", ""nome"": ""MAR05-ShMaraba-PA-EF"", ""rota"": ""ROTA 610 - MARABA 01"", ""source_file"": ""BD_ROTAS.xlsx"", ""source_row_number"": 1665}",8d684837-8adc-47f0-9dfa-c1cb41e994a1
db_rotas,1670,required_null,Required columns null: cd,"{""cd"": null, ""filial"": 7226, ""uf"": ""CE"", ""nome"": ""FOR171-AntSale-CE-EF"", ""rota"": ""ROTA 905 - SHOP PARANGABA - CE"", ""source_file"": ""BD_ROTAS.xlsx"", ""source_row_number"": 1670}",8d684837-8adc-47f0-9dfa-c1cb41e994a1
db_rotas,1671,required_null,Required columns null: cd,"{""cd"": null, ""filial"": 7227, ""uf"": ""CE"", ""nome"": ""CND02-RomMarti-CE-EF"", ""rota"": ""ROTA 901 DIONISIO TORRES - FOR"", ""source_file"": ""BD_ROTAS.xlsx"", ""source_row_number"": 1671}",8d684837-8adc-47f0-9dfa-c1cb41e994a1
db_rotas,1691,required_null,Required columns null: cd,"{""cd"": null, ""filial"": 7250, ""uf"": ""PI"", ""nome"": ""TER-CENTRO-PI-EF"", ""rota"": ""ROTA 604 - BELEM 04"", ""source_file"": ""BD_ROTAS.xlsx"", ""source_row_number"": 1691}",8d684837-8adc-47f0-9dfa-c1cb41e994a1
db_rotas,1693,required_null,Required columns null: cd,"{""cd"": null, ""filial"": 7254, ""uf"": ""RN"", ""nome"": ""Nat-LAGOA -RN-EF"", ""rota"": ""ROTA 604 - BELEM 04"", ""source_file"": ""BD_ROTAS.xlsx"", ""source_row_number"": 1693}",8d684837-8adc-47f0-9dfa-c1cb41e994a1
db_rotas,1702,required_null,Required columns null: cd,"{""cd"": null, ""filial"": 7267, ""uf"": ""MA"", ""nome"": ""CHP02-OlivRoma-MA-EF"", ""rota"": ""ROTA 701 - SAO LUIS 01"", ""source_file"": ""BD_ROTAS.xlsx"", ""source_row_number"": 1702}",8d684837-8adc-47f0-9dfa-c1cb41e994a1
db_rotas,1708,required_null,Required columns null: cd,"{""cd"": null, ""filial"": 7274, ""uf"": ""RN"", ""nome"": ""Nat-IGAPO-RN-EF"", ""rota"": ""ROTA 604 - BELEM 04"", ""source_file"": ""BD_ROTAS.xlsx"", ""source_row_number"": 1708}",8d684837-8adc-47f0-9dfa-c1cb41e994a1
db_rotas,1711,required_null,Required columns null: cd,"{""cd"": null, ""filial"": 7277, ""uf"": ""CE"", ""nome"": ""FOR178-PPedAle-CE-EF"", ""rota"": ""ROTA 906 - MARACANA\u00da - CE"", ""source_file"": ""BD_ROTAS.xlsx"", ""source_row_number"": 1711}",8d684837-8adc-47f0-9dfa-c1cb41e994a1
db_rotas,1714,required_null,Required columns null: cd,"{""cd"": null, ""filial"": 7281, ""uf"": ""PA"", ""nome"": ""SIP01-SaIsaPar-PA-EF"", ""rota"": ""ROTA 601 - BELEM 01"", ""source_file"": ""BD_ROTAS.xlsx"", ""source_row_number"": 1714}",8d684837-8adc-47f0-9dfa-c1cb41e994a1
db_rotas,1715,required_null,Required columns null: cd,"{""cd"": null, ""filial"": 7282, ""uf"": ""PA"", ""nome"": ""ALT03-SetSetem-PA-EF"", ""rota"": ""ROTA 616-ALTAMIRA"", ""source_file"": ""BD_ROTAS.xlsx"", ""source_row_number"": 1715}",8d684837-8adc-47f0-9dfa-c1cb41e994a1
db_rotas,1716,required_null,Required columns null: cd,"{""cd"": null, ""filial"": 7283, ""uf"": ""RN"", ""nome"": ""NAT35-ShParNat-RN-EF"", ""rota"": ""ROTA 919 -"", ""source_file"": ""BD_ROTAS.xlsx"", ""source_row_number"": 1716}",8d684837-8adc-47f0-9dfa-c1cb41e994a1
db_rotas,1717,required_null,Required columns null: cd,"{""cd"": null, ""filial"": 7286, ""uf"": ""PI"", ""nome"": ""TER-JOQUEI-PI-EF"", ""rota"": ""ROTA 604 - BELEM 04"", ""source_file"": ""BD_ROTAS.xlsx"", ""source_row_number"": 1717}",8d684837-8adc-47f0-9dfa-c1cb41e994a1
db_rotas,1718,required_null,Required columns null: cd,"{""cd"": null, ""filial"": 7287, ""uf"": ""PI"", ""nome"": ""TER21-LindMont-PI-EF"", ""rota"": ""ROTA 901 DIONISIO TORRES - FOR"", ""source_file"": ""BD_ROTAS.xlsx"", ""source_row_number"": 1718}",8d684837-8adc-47f0-9dfa-c1cb41e994a1
db_rotas,1719,required_null,Required columns null: cd,"{""cd"": null, ""filial"": 7288, ""uf"": ""PI"", ""nome"": ""TER-PORENQ-PI-EF"", ""rota"": ""ROTA 604 - BELEM 04"", ""source_file"": ""BD_ROTAS.xlsx"", ""source_row_number"": 1719}",8d684837-8adc-47f0-9dfa-c1cb41e994a1
db_rotas,1721,required_null,Required columns null: cd,"{""cd"": null, ""filial"": 7290, ""uf"": ""PA"", ""nome"": ""BEL71-NovMaram-PA-EF"", ""rota"": ""ROTA 602 - BELEM 02"", ""source_file"": ""BD_ROTAS.xlsx"", ""source_row_number"": 1721}",8d684837-8adc-47f0-9dfa-c1cb41e994a1
db_rotas,1723,required_null,Required columns null: cd,"{""cd"": null, ""filial"": 7293, ""uf"": ""PA"", ""nome"": ""ANA010-CidNova-PA-EF"", ""rota"": ""ROTA 601 - BELEM 01"", ""source_file"": ""BD_ROTAS.xlsx"", ""source_row_number"": 1723}",8d684837-8adc-47f0-9dfa-c1cb41e994a1
db_rotas,1724,required_null,Required columns null: cd,"{""cd"": null, ""filial"": 7294, ""uf"": ""CE"", ""nome"": ""ATI03-CeAlexan-CE-EF"", ""rota"": ""ROTA 901 DIONISIO TORRES - FOR"", ""source_file"": ""BD_ROTAS.xlsx"", ""source_row_number"": 1724}",8d684837-8adc-47f0-9dfa-c1cb41e994a1
db_rotas,1727,required_null,Required columns null: cd,"{""cd"": null, ""filial"": 7297, ""uf"": ""RN"", ""nome"": ""Nat-LAGOA -RN-EF"", ""rota"": ""ROTA 604 - BELEM 04"", ""source_file"": ""BD_ROTAS.xlsx"", ""source_row_number"": 1727}",8d684837-8adc-47f0-9dfa-c1cb41e994a1
db_rotas,1728,required_null,Required columns null: cd,"{""cd"": null, ""filial"": 7299, ""uf"": ""CE"", ""nome"": ""LIM03-ConBessa-CE-EF"", ""rota"": ""ROTA 901 DIONISIO TORRES - FOR"", ""source_file"": ""BD_ROTAS.xlsx"", ""source_row_number"": 1728}",8d684837-8adc-47f0-9dfa-c1cb41e994a1
db_rotas,1732,required_null,Required columns null: cd,"{""cd"": null, ""filial"": 7303, ""uf"": ""CE"", ""nome"": ""FOR180-GodMaci-CE-EF"", ""rota"": ""ROTA 901 DIONISIO TORRES - FOR"", ""source_file"": ""BD_ROTAS.xlsx"", ""source_row_number"": 1732}",8d684837-8adc-47f0-9dfa-c1cb41e994a1
db_rotas,1734,required_null,Required columns null: cd,"{""cd"": null, ""filial"": 7311, ""uf"": ""CE"", ""nome"": ""CTS02-DPedroIi-CE-EF"", ""rota"": ""ROTA 909 - QUIXAD\u00c1 - CE"", ""source_file"": ""BD_ROTAS.xlsx"", ""source_row_number"": 1734}",8d684837-8adc-47f0-9dfa-c1cb41e994a1
db_rotas,1735,required_null,Required columns null: cd,"{""cd"": null, ""filial"": 7312, ""uf"": ""PI"", ""nome"": ""TER-JOQUEI-PI-EF"", ""rota"": ""ROTA 604 - BELEM 04"", ""source_file"": ""BD_ROTAS.xlsx"", ""source_row_number"": 1735}",8d684837-8adc-47f0-9dfa-c1cb41e994a1
db_rotas,1739,required_null,Required columns null: cd,"{""cd"": null, ""filial"": 7318, ""uf"": ""CE"", ""nome"": ""JUA09-LeaoSamp-CE-EF"", ""rota"": ""ROTA 902 - COC\u00d3 - CE"", ""source_file"": ""BD_ROTAS.xlsx"", ""source_row_number"": 1739}",8d684837-8adc-47f0-9dfa-c1cb41e994a1
db_rotas,1748,required_null,Required columns null: cd,"{""cd"": null, ""filial"": 7327, ""uf"": ""PI"", ""nome"": ""TER-CENTRO-PI-EF"", ""rota"": ""ROTA 604 - BELEM 04"", ""source_file"": ""BD_ROTAS.xlsx"", ""source_row_number"": 1748}",8d684837-8adc-47f0-9dfa-c1cb41e994a1
db_rotas,1752,required_null,Required columns null: cd,"{""cd"": null, ""filial"": 7332, ""uf"": ""CE"", ""nome"": ""HOR02-FcRaiSou-CE-EF"", ""rota"": ""ROTA 901 DIONISIO TORRES - FOR"", ""source_file"": ""BD_ROTAS.xlsx"", ""source_row_number"": 1752}",8d684837-8adc-47f0-9dfa-c1cb41e994a1
db_rotas,1755,required_null,Required columns null: cd,"{""cd"": null, ""filial"": 7337, ""uf"": ""RN"", ""nome"": ""Nat-TIROL-RN-EF"", ""rota"": ""ROTA 604 - BELEM 04"", ""source_file"": ""BD_ROTAS.xlsx"", ""source_row_number"": 1755}",8d684837-8adc-47f0-9dfa-c1cb41e994a1
db_rotas,1756,required_null,Required columns null: cd,"{""cd"": null, ""filial"": 7339, ""uf"": ""CE"", ""nome"": ""JUA010-AilGome-CE-EF"", ""rota"": ""ROTA 912 -  SEM ROTA 1 - CE"", ""source_file"": ""BD_ROTAS.xlsx"", ""source_row_number"": 1756}",8d684837-8adc-47f0-9dfa-c1cb41e994a1
db_rotas,1776,required_null,Required columns null: cd,"{""cd"": null, ""filial"": 7369, ""uf"": ""PE"", ""nome"": ""OLI010-DManBar-PE-EF"", ""rota"": ""ROTA 301-PIEDADE-PE"", ""source_file"": ""BD_ROTAS.xlsx"", ""source_row_number"": 1776}",8d684837-8adc-47f0-9dfa-c1cb41e994a1
db_rotas,1777,required_null,Required columns null: cd,"{""cd"": null, ""filial"": 7371, ""uf"": ""RN"", ""nome"": ""CAI03-Serido-RN-EF"", ""rota"": ""ROTA 901 DIONISIO TORRES - FOR"", ""source_file"": ""BD_ROTAS.xlsx"", ""source_row_number"": 1777}",8d684837-8adc-47f0-9dfa-c1cb41e994a1
db_rotas,1785,required_null,Required columns null: cd,"{""cd"": null, ""filial"": 7380, ""uf"": ""CE"", ""nome"": ""FOR144-BrDeStu-CE-EF"", ""rota"": ""ROTA 901 DIONISIO TORRES - FOR"", ""source_file"": ""BD_ROTAS.xlsx"", ""source_row_number"": 1785}",8d684837-8adc-47f0-9dfa-c1cb41e994a1
db_rotas,1790,required_null,Required columns null: cd,"{""cd"": null, ""filial"": 7387, ""uf"": ""PI"", ""nome"": ""TER-FATIMA-PI-EF"", ""rota"": ""ROTA 604 - BELEM 04"", ""source_file"": ""BD_ROTAS.xlsx"", ""source_row_number"": 1790}",8d684837-8adc-47f0-9dfa-c1cb41e994a1
db_rotas,1794,required_null,Required columns null: cd,"{""cd"": null, ""filial"": 7391, ""uf"": ""SP"", ""nome"": ""SPA63-PireMota-SP-EF"", ""rota"": ""ROTA 801 - SAO PAULO 01"", ""source_file"": ""BD_ROTAS.xlsx"", ""source_row_number"": 1794}",8d684837-8adc-47f0-9dfa-c1cb41e994a1
db_rotas,1799,required_null,Required columns null: cd,"{""cd"": null, ""filial"": 7397, ""uf"": ""SP"", ""nome"": ""SPA57-Sabia-SP-EF"", ""rota"": ""ROTA 801 - SAO PAULO 01"", ""source_file"": ""BD_ROTAS.xlsx"", ""source_row_number"": 1799}",8d684837-8adc-47f0-9dfa-c1cb41e994a1
db_rotas,1806,required_null,Required columns null: cd,"{""cd"": null, ""filial"": 7404, ""uf"": ""PA"", ""nome"": ""BEL77-DqCaxias-PA-EF"", ""rota"": ""ROTA 607 - BELEM 07"", ""source_file"": ""BD_ROTAS.xlsx"", ""source_row_number"": 1806}",8d684837-8adc-47f0-9dfa-c1cb41e994a1
db_rotas,1808,required_null,Required columns null: cd,"{""cd"": null, ""filial"": 7408, ""uf"": ""SP"", ""nome"": ""SPA64-Indianop-SP-EF"", ""rota"": ""ROTA 806 - SAO PAULO 06"", ""source_file"": ""BD_ROTAS.xlsx"", ""source_row_number"": 1808}",8d684837-8adc-47f0-9dfa-c1cb41e994a1
db_rotas,1810,required_null,Required columns null: cd,"{""cd"": null, ""filial"": 7410, ""uf"": ""CE"", ""nome"": ""FOR182-SanDumo-CE-EF"", ""rota"": ""ROTA 003-ALDEOTA 3 D+0"", ""source_file"": ""BD_ROTAS.xlsx"", ""source_row_number"": 1810}",8d684837-8adc-47f0-9dfa-c1cb41e994a1
db_rotas,1813,required_null,Required columns null: cd,"{""cd"": null, ""filial"": 7413, ""uf"": ""PA"", ""nome"": ""ANA011-ShMeAna-PA-EF"", ""rota"": ""ROTA 601 - BELEM 01"", ""source_file"": ""BD_ROTAS.xlsx"", ""source_row_number"": 1813}",8d684837-8adc-47f0-9dfa-c1cb41e994a1
db_rotas,1826,required_null,Required columns null: cd,"{""cd"": null, ""filial"": 7430, ""uf"": ""PA"", ""nome"": ""BEL82-Coqueiro-PA-EF"", ""rota"": ""ROTA 601 - BELEM 01"", ""source_file"": ""BD_ROTAS.xlsx"", ""source_row_number"": 1826}",8d684837-8adc-47f0-9dfa-c1cb41e994a1
db_rotas,1827,required_null,Required columns null: cd,"{""cd"": null, ""filial"": 7431, ""uf"": ""SP"", ""nome"": ""SPA56-9DeJulho-SP-EF"", ""rota"": ""ROTA 801 - SAO PAULO 01"", ""source_file"": ""BD_ROTAS.xlsx"", ""source_row_number"": 1827}",8d684837-8adc-47f0-9dfa-c1cb41e994a1
db_rotas,1832,required_null,Required columns null: cd,"{""cd"": null, ""filial"": 7437, ""uf"": ""TO"", ""nome"": ""AGA08-Filadelf-TO-EF"", ""rota"": ""ROTA 207-SANTA CATARINA-SC"", ""source_file"": ""BD_ROTAS.xlsx"", ""source_row_number"": 1832}",8d684837-8adc-47f0-9dfa-c1cb41e994a1
db_rotas,1843,required_null,Required columns null: cd,"{""cd"": null, ""filial"": 7451, ""uf"": ""SE"", ""nome"": ""ARA-GRAGER-SE-EF"", ""rota"": ""ROTA 604 - BELEM 04"", ""source_file"": ""BD_ROTAS.xlsx"", ""source_row_number"": 1843}",8d684837-8adc-47f0-9dfa-c1cb41e994a1
db_rotas,1845,required_null,Required columns null: cd,"{""cd"": null, ""filial"": 7453, ""uf"": ""BA"", ""nome"": ""SAL62-DorCaymm-BA-EF"", ""rota"": ""ROTA 411 - SALVADOR"", ""source_file"": ""BD_ROTAS.xlsx"", ""source_row_number"": 1845}",8d684837-8adc-47f0-9dfa-c1cb41e994a1
db_rotas,1850,required_null,Required columns null: cd,"{""cd"": null, ""filial"": 7462, ""uf"": ""BA"", ""nome"": ""SAL65-PauloVi-BA-EF"", ""rota"": ""ROTA 416 - BAHIA"", ""source_file"": ""BD_ROTAS.xlsx"", ""source_row_number"": 1850}",8d684837-8adc-47f0-9dfa-c1cb41e994a1
db_rotas,1851,required_null,Required columns null: cd,"{""cd"": null, ""filial"": 7463, ""uf"": ""MA"", ""nome"": ""BAC03-GetVarga-MA-EF"", ""rota"": ""ROTA 701 - SAO LUIS 01"", ""source_file"": ""BD_ROTAS.xlsx"", ""source_row_number"": 1851}",8d684837-8adc-47f0-9dfa-c1cb41e994a1
db_rotas,1854,required_null,Required columns null: cd,"{""cd"": null, ""filial"": 7466, ""uf"": ""SE"", ""nome"": ""ARA-SUISSA-SE-EF"", ""rota"": ""ROTA 604 - BELEM 04"", ""source_file"": ""BD_ROTAS.xlsx"", ""source_row_number"": 1854}",8d684837-8adc-47f0-9dfa-c1cb41e994a1
db_rotas,1857,required_null,Required columns null: cd,"{""cd"": null, ""filial"": 7469, ""uf"": ""SE"", ""nome"": ""ARA-SALGAD-SE-EF"", ""rota"": ""ROTA 604 - BELEM 04"", ""source_file"": ""BD_ROTAS.xlsx"", ""source_row_number"": 1857}",8d684837-8adc-47f0-9dfa-c1cb41e994a1
db_rotas,1867,required_null,Required columns null: cd,"{""cd"": null, ""filial"": 7481, ""uf"": ""SP"", ""nome"": ""SPA80-AleDuma-SP-EF"", ""rota"": ""ROTA 804 - SAO PAULO 04"", ""source_file"": ""BD_ROTAS.xlsx"", ""source_row_number"": 1867}",8d684837-8adc-47f0-9dfa-c1cb41e994a1
db_rotas,1868,required_null,Required columns null: cd,"{""cd"": null, ""filial"": 7483, ""uf"": ""SE"", ""nome"": ""ARA-SALGAD-SE-EF"", ""rota"": ""ROTA 604 - BELEM 04"", ""source_file"": ""BD_ROTAS.xlsx"", ""source_row_number"": 1868}",8d684837-8adc-47f0-9dfa-c1cb41e994a1
db_rotas,1877,required_null,Required columns null: cd,"{""cd"": null, ""filial"": 7494, ""uf"": ""SE"", ""nome"": ""ARA-JARDIN-SE-EF"", ""rota"": ""ROTA 604 - BELEM 04"", ""source_file"": ""BD_ROTAS.xlsx"", ""source_row_number"": 1877}",8d684837-8adc-47f0-9dfa-c1cb41e994a1
db_rotas,1886,required_null,Required columns null: cd,"{""cd"": null, ""filial"": 7504, ""uf"": ""BA"", ""nome"": ""SAL69-DJoaoVi-BA-EF"", ""rota"": ""ROTA 416 - BAHIA"", ""source_file"": ""BD_ROTAS.xlsx"", ""source_row_number"": 1886}",8d684837-8adc-47f0-9dfa-c1cb41e994a1
db_rotas,1889,required_null,Required columns null: cd,"{""cd"": null, ""filial"": 7507, ""uf"": ""SP"", ""nome"": ""SPA88-JosJanna-SP-EF"", ""rota"": ""ROTA 806 - SAO PAULO 06"", ""source_file"": ""BD_ROTAS.xlsx"", ""source_row_number"": 1889}",8d684837-8adc-47f0-9dfa-c1cb41e994a1
db_rotas,1894,required_null,Required columns null: cd,"{""cd"": null, ""filial"": 7513, ""uf"": ""SP"", ""nome"": ""SPA89-VieDeMor-SP-EF"", ""rota"": ""ROTA 804 - SAO PAULO 04"", ""source_file"": ""BD_ROTAS.xlsx"", ""source_row_number"": 1894}",8d684837-8adc-47f0-9dfa-c1cb41e994a1
db_rotas,1896,required_null,Required columns null: cd,"{""cd"": null, ""filial"": 7516, ""uf"": ""PE"", ""nome"": ""CBE03-BelCorr-PE-EF"", ""rota"": ""ROTA 310-CARUARU-PE"", ""source_file"": ""BD_ROTAS.xlsx"", ""source_row_number"": 1896}",8d684837-8adc-47f0-9dfa-c1cb41e994a1
db_rotas,1897,required_null,Required columns null: cd,"{""cd"": null, ""filial"": 7517, ""uf"": ""SP"", ""nome"": ""SPA90-Zumkelle-SP-EF"", ""rota"": ""ROTA 808 - SAO PAULO 08"", ""source_file"": ""BD_ROTAS.xlsx"", ""source_row_number"": 1897}",8d684837-8adc-47f0-9dfa-c1cb41e994a1
db_rotas,1901,required_null,Required columns null: cd,"{""cd"": null, ""filial"": 7523, ""uf"": ""SP"", ""nome"": ""SPA92-PaeDeBar-SP-EF"", ""rota"": ""ROTA 805 - SAO PAULO 05"", ""source_file"": ""BD_ROTAS.xlsx"", ""source_row_number"": 1901}",8d684837-8adc-47f0-9dfa-c1cb41e994a1
db_rotas,1902,required_null,Required columns null: cd,"{""cd"": null, ""filial"": 7524, ""uf"": ""BA"", ""nome"": ""SAL73-JoaDaBot-BA-EF"", ""rota"": ""ROTA 416 - BAHIA"", ""source_file"": ""BD_ROTAS.xlsx"", ""source_row_number"": 1902}",8d684837-8adc-47f0-9dfa-c1cb41e994a1
db_rotas,1903,required_null,Required columns null: cd,"{""cd"": null, ""filial"": 7525, ""uf"": ""BA"", ""nome"": ""LFR05-StDuEsCo-BA-EF"", ""rota"": ""ROTA 416 - BAHIA"", ""source_file"": ""BD_ROTAS.xlsx"", ""source_row_number"": 1903}",8d684837-8adc-47f0-9dfa-c1cb41e994a1
db_rotas,1908,required_null,Required columns null: cd,"{""cd"": null, ""filial"": 7533, ""uf"": ""PE"", ""nome"": ""CRU012-CaxPaTe-PE-EF"", ""rota"": ""ROTA 312-SURUBIM - PE"", ""source_file"": ""BD_ROTAS.xlsx"", ""source_row_number"": 1908}",8d684837-8adc-47f0-9dfa-c1cb41e994a1
db_rotas,1911,required_null,Required columns null: cd,"{""cd"": null, ""filial"": 7538, ""uf"": ""SP"", ""nome"": ""SPA94-MacBiten-SP-EF"", ""rota"": ""ROTA 802 - SAO PAULO 02"", ""source_file"": ""BD_ROTAS.xlsx"", ""source_row_number"": 1911}",8d684837-8adc-47f0-9dfa-c1cb41e994a1
db_rotas,1913,required_null,Required columns null: cd,"{""cd"": null, ""filial"": 7541, ""uf"": ""BA"", ""nome"": ""SAL75-CarDaSil-BA-EF"", ""rota"": ""ROTA 414 - SALVADOR"", ""source_file"": ""BD_ROTAS.xlsx"", ""source_row_number"": 1913}",8d684837-8adc-47f0-9dfa-c1cb41e994a1
